iso.code,country.name,survey.year,start.date,end.date,data.type,source.detail,definition,pmdf.input.file,pmdf,total.deaths.obs,se.pmdf.calc,log.pmdf.calc,se.log.pmdf.calc,...15,Notes:
AFG,Afghanistan,2010,2003.65,2010.65,Sisterhood,AMS 2010,Pregnancy-related,sisterhood.input.data.csv,0.394694922,NA,NA,NA,NA,NA,"Highlighted in yellow are rows present in ""Updated_DHS_input_16Mar21"" but not present in  ""DHS_input_current_16Mar21"""
AFG,Afghanistan,2015,2009.146,2016.146,Sisterhood,DHS 2015,Pregnancy-related,sisterhood.input.data.csv,0.66868511600000002,NA,2.7645241000000001E-2,4.2055760940000004,4.1373212999999999E-2,NA,"The orange rows are  for Eswatini/ Swaziland and DRC/Congo with similar but not identical data, but based on same DHS survey. Not sure what's going on there"
AGO,Angola,2015-2016,2009.201,2016.201,Sisterhood,DHS 2015-2016,Pregnancy-related,sisterhood.input.data.csv,0.16215030799999999,NA,2.4009264999999998E-2,2.7859386389999998,0.14903223199999999,NA,"The green rows are UG additions from recently released DHS 2019/20, website for DHS and MICS checked on 07th June 2022"
BGD,Bangladesh,2001,1996.238,2001.238,Sisterhood,BMMS 2001,Pregnancy-related,sisterhood.input.data.csv,0.24435520199999999,NA,NA,NA,NA,NA,"There was  one row present in ""DHS_input_current_16Mar21"" file which was not present in the ""Updated_DHS_input_16Mar21"", but it was not relevant as the data was NA"
BEN,Benin,1996,1989.545,1996.545,Sisterhood,DHS 1996,Pregnancy-related,sisterhood.input.data.csv,0.32449128199999999,NA,3.5211529999999998E-2,3.4796735769999998,0.108760646,NA,The blue rows are UG manual additions from Pakistan 2019 Special survey report. Figures are from tables on page 47 & 48 (only reported to 3 significant figures). Excludes Azad Jammu and Kashmir and Giglit Baltistan
BEN,Benin,2006,1999.721,2006.721,Sisterhood,DHS 2006,Pregnancy-related,sisterhood.input.data.csv,0.224234723,NA,1.7928342999999999E-2,3.1101082820000001,8.0143984000000001E-2,NA,NA
BEN,Benin,2014,2007.745,2014.745,Sisterhood,MICS 2014,Pregnancy-related,sisterhood.input.data.csv,0.22043074900000001,NA,2.6683740000000001E-2,3.0929984890000002,0.122366052,NA,NA
BEN,Benin,2017-2018,2010.833333,2017.833333,Sisterhood,DHS 2017-2018,Pregnancy-related,sisterhood.input.data.csv,0.26413068899999997,NA,2.3075327999999999E-2,3.273858921,8.7699715999999997E-2,NA,NA
BOL,Bolivia,2003,1996.821,2003.821,Sisterhood,DHS 2003,Pregnancy-related,sisterhood.input.data.csv,0.127395802,NA,1.9890952E-2,2.544713695,0.15724180300000001,NA,NA
BOL,Bolivia,2008,2001.302,2008.302,Sisterhood,DHS 2008,Pregnancy-related,sisterhood.input.data.csv,0.16572403899999999,NA,2.5647970999999999E-2,2.8077388989999998,0.15577569799999999,NA,NA
BOL,Bolivia,1993-1994,1986.833333,1993.833333,Sisterhood,DHS 1993-1994,Pregnancy-related,sisterhood.input.data.csv,0.20186004799999999,NA,3.5185775000000002E-2,3.00498953,0.178187014,NA,NA
BRA,Brazil,1996,1989.328,1996.328,Sisterhood,DHS 1996,Pregnancy-related,sisterhood.input.data.csv,0.109677524,NA,2.3600274000000001E-2,2.3949593650000001,0.22047518599999999,NA,NA
BFA,Burkina Faso,1998-1999,1992.032,1999.032,Sisterhood,DHS 1998-1999,Pregnancy-related,sisterhood.input.data.csv,0.20481523099999999,NA,2.8775104999999999E-2,3.0195231649999998,0.141631584,NA,NA
BFA,Burkina Faso,2010,2003.703,2010.703,Sisterhood,DHS 2010,Pregnancy-related,sisterhood.input.data.csv,0.17267776600000001,NA,1.5086903E-2,2.8488421399999999,8.7578290000000003E-2,NA,NA
BDI,Burundi,2010,2003.87,2010.87,Sisterhood,DHS 2010,Pregnancy-related,sisterhood.input.data.csv,0.247406456,NA,2.7111738E-2,3.2084474620000001,0.10999635200000001,NA,NA
BDI,Burundi,2016-2017,2010.179,2017.179,Sisterhood,DHS 2016-2017,Pregnancy-related,sisterhood.input.data.csv,0.21486845099999999,NA,1.8987262000000001E-2,3.0674408909999999,8.8682026999999997E-2,NA,NA
KHM,Cambodia,2000,1993.33,2000.33,Sisterhood,DHS 2000,Pregnancy-related,sisterhood.input.data.csv,0.15628683700000001,NA,1.9218804999999999E-2,2.7491079250000001,0.123672306,NA,NA
KHM,Cambodia,2005,1998.934,2005.934,Sisterhood,DHS 2005,Pregnancy-related,sisterhood.input.data.csv,0.15989013999999999,NA,1.9780967999999999E-2,2.7719018630000001,0.124958191,NA,NA
KHM,Cambodia,2010,2003.798,2010.798,Sisterhood,DHS 2010,Pregnancy-related,sisterhood.input.data.csv,7.8441831000000004E-2,NA,1.5801523000000001E-2,2.0597722510000001,0.205814575,NA,NA
KHM,Cambodia,2014,2007.948,2014.948,Sisterhood,DHS 2014,Pregnancy-related,sisterhood.input.data.csv,7.7947417000000005E-2,NA,1.6562192999999999E-2,2.0514227200000001,0.21820092799999999,NA,NA
CMR,Cameroon,1998,1991.286,1998.286,Sisterhood,DHS 1998-1999,Pregnancy-related,sisterhood.input.data.csv,0.24154094800000001,NA,3.1974112999999998E-2,3.184453923,0.13228799899999999,NA,NA
CMR,Cameroon,2004,1997.397,2004.397,Sisterhood,DHS 2004,Pregnancy-related,sisterhood.input.data.csv,0.18723206100000001,NA,1.5857959000000001E-2,2.9297637220000001,8.4992182999999999E-2,NA,NA
CMR,Cameroon,2011,2004.342,2011.342,Sisterhood,DHS 2011,Pregnancy-related,sisterhood.input.data.csv,0.20735203799999999,NA,1.6648722000000001E-2,3.0318329199999998,8.0689583999999995E-2,NA,NA
CMR,Cameroon,2018,2011.416667,2018.416667,Sisterhood,DHS 2018,Pregnancy-related,sisterhood.input.data.csv,0.18319228800000001,NA,1.8929532999999998E-2,2.907951261,0.104083514,NA,NA
CAF,Central African Republic,1994-1995,1987.953,1994.953,Sisterhood,DHS 1994-1995,Pregnancy-related,sisterhood.input.data.csv,0.30366546500000002,NA,2.3038172999999999E-2,3.4133415579999999,7.5860873999999995E-2,NA,NA
TCD,Chad,1996-1997,1990.246,1997.246,Sisterhood,DHS 1996-1997,Pregnancy-related,sisterhood.input.data.csv,0.38380545199999999,NA,3.2025054999999997E-2,3.6475506950000001,8.3533576999999998E-2,NA,NA
TCD,Chad,2004,1997.75,2004.75,Sisterhood,DHS 2004,Pregnancy-related,sisterhood.input.data.csv,0.41527212299999999,NA,5.0710044000000003E-2,3.7263489299999999,0.12571901799999999,NA,NA
TCD,Chad,2014-2015,2008.269,2015.269,Sisterhood,DHS 2014-2015,Pregnancy-related,sisterhood.input.data.csv,0.42955431999999999,NA,2.6214666000000001E-2,3.7595367500000001,6.1107666999999997E-2,NA,NA
COL,Colombia,2015-2016,2008.083333,2015.083333,Sisterhood,DHS 2015-2016,Pregnancy-related,sisterhood.input.data.csv,7.7362159E-2,NA,2.0481715000000001E-2,2.0459126680000002,0.27761550200000001,NA,NA
COM,Comoros,2012,2005.782,2012.782,Sisterhood,DHS 2012,Pregnancy-related,sisterhood.input.data.csv,0.15174826699999999,NA,4.6027518000000003E-2,2.7196379159999999,0.315899928,NA,NA
COG,Congo,2005,1998.482,2005.482,Sisterhood,DHS 2005,Pregnancy-related,sisterhood.input.data.csv,0.18701672899999999,NA,3.1782411000000003E-2,2.92861298,0.17584895,NA,NA
COG,Congo,2011-2012,2004.901,2011.901,Sisterhood,DHS 2011-2012,Pregnancy-related,sisterhood.input.data.csv,0.125199848,NA,2.0683330999999999E-2,2.5273261530000002,0.169098994,NA,NA
COG,Congo,2015-2016,2008.159,2015.159,Sisterhood,MICS 2015-2016,Pregnancy-related,sisterhood.input.data.csv,0.18788827899999999,NA,NA,NA,NA,NA,NA
CIV,Cote d'Ivoire,1994-1995,1987.67,1994.67,Sisterhood,DHS 1994,Pregnancy-related,sisterhood.input.data.csv,0.24782694699999999,NA,3.1093513999999999E-2,3.2101456169999998,0.12762977,NA,NA
CIV,Cote d'Ivoire,2005,1998.705,2005.705,Sisterhood,AIS 2005,Pregnancy-related,sisterhood.input.data.csv,0.13409257099999999,NA,2.8821738E-2,2.5959452970000001,0.215308582,NA,NA
CIV,Cote d'Ivoire,2011-2012,2005.143,2012.143,Sisterhood,DHS 2011-2012,Pregnancy-related,sisterhood.input.data.csv,0.16340887100000001,NA,1.9939650999999999E-2,2.7936703760000001,0.122876403,NA,NA
COD,Democratic Republic of the Congo,2007,2000.495,2007.495,Sisterhood,DHS 2007,Pregnancy-related,sisterhood.input.data.csv,0.17298498800000001,NA,2.0344787999999999E-2,2.8506197210000002,0.118145588,NA,NA
COD,Democratic Republic of the Congo,2013-2014,2007.082,2014.082,Sisterhood,DHS 2013-2014,Pregnancy-related,sisterhood.input.data.csv,0.33660947000000002,NA,2.2285246000000002E-2,3.5163383220000002,6.6335940999999995E-2,NA,NA
DOM,Dominican Republic,2002,1995.724,2002.724,Sisterhood,DHS 2002,Pregnancy-related,sisterhood.input.data.csv,9.3357694000000005E-2,NA,2.4531534000000001E-2,2.2338531989999999,0.27480601599999999,NA,NA
DOM,Dominican Republic,2007,2000.401,2007.401,Sisterhood,DHS 2007,Pregnancy-related,sisterhood.input.data.csv,9.3216539000000001E-2,NA,1.8626345999999998E-2,2.2323400740000001,0.20540689100000001,NA,NA
ECU,Ecuador,1994,1987.511,1994.511,Sisterhood,RHS 1994,Pregnancy-related,sisterhood.input.data.csv,0.13598027700000001,NA,NA,NA,NA,NA,NA
ECU,Ecuador,2004,1994.284,2004.284,Sisterhood,RHS 2004,Pregnancy-related,sisterhood.input.data.csv,0.118848175,NA,NA,NA,NA,NA,NA
SLV,El Salvador,1993,1983.349,1993.349,Sisterhood,RHS 1993,Pregnancy-related,sisterhood.input.data.csv,0.17326920300000001,NA,NA,NA,NA,NA,NA
SLV,El Salvador,1998,1988.606,1998.606,Sisterhood,RHS 1998,Pregnancy-related,sisterhood.input.data.csv,0.11009788299999999,NA,NA,NA,NA,NA,NA
SLV,El Salvador,2002-2003,1993.065,2003.065,Sisterhood,RHS 2002-2003,Pregnancy-related,sisterhood.input.data.csv,0.12840771300000001,NA,NA,NA,NA,NA,NA
GNQ,Equatorial Guinea,2011-2012,2001.723,2011.723,Sisterhood,DHS 2011,Pregnancy-related,sisterhood.input.data.csv,0.12334744,NA,NA,NA,NA,NA,NA
ERI,Eritrea,1995,1985.872,1995.872,Sisterhood,DHS 1995,Pregnancy-related,sisterhood.input.data.csv,0.32558714500000002,NA,NA,NA,NA,NA,NA
ERI,Eritrea,2010,2005.268,2010.268,Sisterhood,PHS 2010,Pregnancy-related,sisterhood.input.data.csv,0.21707724,NA,NA,NA,NA,NA,NA
ETH,Ethiopia,2000,1993.246,2000.246,Sisterhood,DHS 2000,Pregnancy-related,sisterhood.input.data.csv,0.23875908400000001,NA,2.0420865E-2,3.172869935,8.5695721000000002E-2,NA,NA
ETH,Ethiopia,2005,1998.482,2005.482,Sisterhood,DHS 2005,Pregnancy-related,sisterhood.input.data.csv,0.19681032300000001,NA,1.8060316E-2,2.9796553430000001,9.2108371999999994E-2,NA,NA
ETH,Ethiopia,2011,2004.205,2011.205,Sisterhood,DHS 2011,Pregnancy-related,sisterhood.input.data.csv,0.281638952,NA,2.5492897E-2,3.3380408469999998,9.0809506999999998E-2,NA,NA
ETH,Ethiopia,2016,2009.486,2016.486,Sisterhood,DHS 2016,Pregnancy-related,sisterhood.input.data.csv,0.240938343,NA,3.4053404000000002E-2,3.1819559700000002,0.14329198000000001,NA,NA
GAB,Gabon,2000,1993.787,2000.787,Sisterhood,DHS 2000,Pregnancy-related,sisterhood.input.data.csv,0.17166504499999999,NA,3.0873523999999999E-2,2.8429600719999999,0.18316252599999999,NA,NA
GAB,Gabon,2012,2005.198,2012.198,Sisterhood,DHS 2012,Pregnancy-related,sisterhood.input.data.csv,0.102561111,NA,2.0803739000000002E-2,2.327873732,0.20641406400000001,NA,NA
GMB,Gambia,2013,2006.205,2013.205,Sisterhood,DHS 2013,Pregnancy-related,sisterhood.input.data.csv,0.33464223599999998,NA,4.4639288999999999E-2,3.5104769149999999,0.13277812999999999,NA,NA
GHA,Ghana,2007,2000.662,2007.662,Sisterhood,MHS 2007,Pregnancy-related,sisterhood.input.data.csv,0.15381456600000001,NA,NA,NA,NA,NA,NA
GHA,Ghana,2017,2010.78,2017.78,Sisterhood,MHS 2017,Pregnancy-related,sisterhood.input.data.csv,0.108506862,NA,NA,NA,NA,NA,NA
GTM,Guatemala,2014-2015,2008.522,2015.522,Sisterhood,DHS 2014-2015,Pregnancy-related,sisterhood.input.data.csv,0.115310328,NA,NA,NA,NA,NA,NA
GUM,Guatemala,1995,1988.416667,1995.416667,Sisterhood,DHS 1995,Pregnancy-related,sisterhood.input.data.csv,0.15911504200000001,NA,2.9111593000000002E-2,2.7670423820000001,0.18531589600000001,NA,NA
GIN,Guinea,1999,1992.444,1999.444,Sisterhood,DHS 1999,Pregnancy-related,sisterhood.input.data.csv,0.27131564800000002,NA,3.4221010000000003E-2,3.3006978039999999,0.12682269500000001,NA,NA
GIN,Guinea,2005,1998.007,2005.007,Sisterhood,DHS 2005,Pregnancy-related,sisterhood.input.data.csv,0.34387309399999999,NA,2.7950349999999999E-2,3.5376875829999999,8.1409298000000005E-2,NA,NA
GIN,Guinea,2012,2005.602,2012.602,Sisterhood,DHS 2012,Pregnancy-related,sisterhood.input.data.csv,0.25172195000000003,NA,2.8322634999999999E-2,3.2257400120000002,0.113455154,NA,NA
GIN,Guinea,2016,2009.874,2016.874,Sisterhood,MICS 2016,Pregnancy-related,sisterhood.input.data.csv,0.276444197,NA,NA,NA,NA,NA,NA
GNB,Guinea-Bissau,2014,2007.538,2014.538,Sisterhood,MICS 2014,Pregnancy-related,sisterhood.input.data.csv,0.30631451599999998,NA,3.3008707999999998E-2,3.422027312,0.108740776,NA,NA
HTI,Haiti,2000,1993.33,2000.33,Sisterhood,DHS 2000,Pregnancy-related,sisterhood.input.data.csv,0.122968383,NA,2.1757907999999999E-2,2.5093421820000001,0.174170992,NA,NA
HTI,Haiti,2005-2006,1999.121,2006.121,Sisterhood,DHS 2005-2006,Pregnancy-related,sisterhood.input.data.csv,0.15652349900000001,NA,1.9336804999999999E-2,2.7506210609999999,0.12395025,NA,NA
HTI,Haiti,2016-2017,2010.286,2017.286,Sisterhood,DHS 2016-2017,Pregnancy-related,sisterhood.input.data.csv,0.171419872,NA,1.9876385E-2,2.8415308439999998,0.11675437900000001,NA,NA
IDN,Indonesia,1994,1987.705,1994.705,Sisterhood,DHS 1994,Pregnancy-related,sisterhood.input.data.csv,0.18586723499999999,NA,2.4370030000000001E-2,2.922447537,0.131887489,NA,NA
IDN,Indonesia,2002-2003,1996.066,2003.066,Sisterhood,DHS 2002-2003,Pregnancy-related,sisterhood.input.data.csv,0.13471940499999999,NA,1.9620863999999998E-2,2.6006090419999999,0.147149525,NA,NA
IDN,Indonesia,2007,2000.74,2007.74,Sisterhood,DHS 2007,Pregnancy-related,sisterhood.input.data.csv,7.8245960000000003E-2,NA,1.2385864999999999E-2,2.0572721,0.16060539400000001,NA,NA
IDN,Indonesia,2012,2005.463,2012.463,Sisterhood,DHS 2012,Pregnancy-related,sisterhood.input.data.csv,0.106367609,NA,1.5379083E-2,2.3643160089999999,0.14669453599999999,NA,NA
IDN,Indonesia,1997,1990.666667,1997.666667,Sisterhood,DHS 1997,Pregnancy-related,sisterhood.input.data.csv,0.17001443599999999,NA,3.9322720999999998E-2,2.8332982599999998,0.249264446,NA,NA
IRQ,Iraq,2006-2007,2001.886,2006.886,Sisterhood,FHS 2006-2007,Pregnancy-related,sisterhood.input.data.csv,5.5906065999999997E-2,NA,NA,NA,NA,NA,NA
IRQ,Iraq,2018,2011.169355,2018.169355,Sisterhood,MICS 2018,Pregnancy-related,sisterhood.input.data.csv,0.11201807599999999,NA,2.6052048000000001E-2,2.4160751600000001,0.22780620500000001,NA,NA
JOR,Jordan,1997,1990.416667,1997.416667,Sisterhood,DHS 1997,Pregnancy-related,sisterhood.input.data.csv,8.0070073000000005E-2,NA,3.1633894000000003E-2,2.080317076,0.42309556199999998,NA,NA
KEN,Kenya,1998,1991.35,1998.35,Sisterhood,DHS 1998,Pregnancy-related,sisterhood.input.data.csv,0.25537616299999999,NA,2.2615850999999999E-2,3.2401525150000001,8.8733982000000003E-2,NA,NA
KEN,Kenya,2003,1996.5,2003.5,Sisterhood,DHS 2003,Pregnancy-related,sisterhood.input.data.csv,0.12784979299999999,NA,1.3236876999999999E-2,2.5482709880000001,0.103818596,NA,NA
KEN,Kenya,2008-2009,2002.003,2009.003,Sisterhood,DHS 2008-2009,Pregnancy-related,sisterhood.input.data.csv,0.14271951999999999,NA,2.2679503E-2,2.65829621,0.160852562,NA,NA
KEN,Kenya,2014,2007.802,2014.802,Sisterhood,DHS 2014,Pregnancy-related,sisterhood.input.data.csv,0.137433061,NA,1.8636268000000001E-2,2.6023326010000001,0.140152417,NA,NA
LAO,Lao,2011-2012,2004.949,2011.949,Sisterhood,MICS 2011-12,Pregnancy-related,sisterhood.input.data.csv,0.16967602700000001,NA,2.0419212999999999E-2,2.8313058020000001,0.12107997600000001,NA,NA
LSO,Lesotho,2004,1997.894,2004.894,Sisterhood,DHS 2004,Pregnancy-related,sisterhood.input.data.csv,9.0228720999999998E-2,NA,1.2099037999999999E-2,2.1997626960000001,0.135263248,NA,NA
LSO,Lesotho,2009,2002.93,2009.93,Sisterhood,DHS 2009,Pregnancy-related,sisterhood.input.data.csv,0.100045328,NA,1.1720791E-2,2.3030382679999999,0.11812987699999999,NA,NA
LSO,Lesotho,2014,2007.934,2014.934,Sisterhood,DHS 2014,Pregnancy-related,sisterhood.input.data.csv,8.3590192999999993E-2,NA,1.186328E-2,2.1351147340000001,0.14149661699999999,NA,NA
LBR,Liberia,2007,2000.135,2007.135,Sisterhood,DHS 2007,Pregnancy-related,sisterhood.input.data.csv,0.34831163999999998,NA,3.8474827000000003E-2,3.5505125020000001,0.111726873,NA,NA
LBR,Liberia,2013,2006.367,2013.367,Sisterhood,DHS 2013,Pregnancy-related,sisterhood.input.data.csv,0.35685587899999999,NA,3.6658455999999999E-2,3.5747469060000001,0.102842709,NA,NA
MDG,Madagascar,1992,1978.621,1992.621,Sisterhood,DHS 1992,Pregnancy-related,sisterhood.input.data.csv,0.24634666,NA,NA,NA,NA,NA,NA
MDG,Madagascar,1997,1990.831,1997.831,Sisterhood,DHS 1997,Pregnancy-related,sisterhood.input.data.csv,0.22824666399999999,NA,2.4989114E-2,3.1278418110000001,0.110367613,NA,NA
MDG,Madagascar,2003-2004,1997.066,2004.066,Sisterhood,DHS 2003-2004,Pregnancy-related,sisterhood.input.data.csv,0.25387515100000002,NA,3.8390781999999998E-2,3.2342575199999999,0.15514656800000001,NA,NA
MDG,Madagascar,2008-2009,2002.261,2009.261,Sisterhood,DHS 2008-2009,Pregnancy-related,sisterhood.input.data.csv,0.19841431500000001,NA,1.6076301000000001E-2,2.9877722499999999,8.1337307999999997E-2,NA,NA
MDG,Madagascar,2018,2011.629032,2018.629032,Sisterhood,MICS 2018,Pregnancy-related,sisterhood.input.data.csv,0.21941044600000001,NA,1.9955690000000002E-2,3.0883590660000002,9.1235924999999995E-2,NA,NA
MWI,Malawi,1992,1985.764,1992.764,Sisterhood,DHS 1992,Pregnancy-related,sisterhood.input.data.csv,0.20036278299999999,NA,2.9480826000000002E-2,2.9975445459999999,0.14850216699999999,NA,NA
MWI,Malawi,2000,1993.701,2000.701,Sisterhood,DHS 2000,Pregnancy-related,sisterhood.input.data.csv,0.20902821999999999,NA,1.3959099000000001E-2,3.0398841750000001,6.6897282000000002E-2,NA,NA
MWI,Malawi,2004,1997.92,2004.92,Sisterhood,DHS 2004,Pregnancy-related,sisterhood.input.data.csv,0.17234826,NA,1.3340575E-2,2.846932104,7.7580306000000002E-2,NA,NA
MWI,Malawi,2010,2003.665,2010.665,Sisterhood,DHS 2010,Pregnancy-related,sisterhood.input.data.csv,0.152102026,NA,1.0880734E-2,2.7219664259999998,7.1713503999999997E-2,NA,NA
MWI,Malawi,2014,2007.08,2014.08,Sisterhood,MES 2014,Pregnancy-related,sisterhood.input.data.csv,NA,NA,NA,NA,NA,NA,NA
MWI,Malawi,2015-2016,2009.129,2016.129,Sisterhood,DHS 2015-2016,Pregnancy-related,sisterhood.input.data.csv,0.15045391,NA,1.4938849000000001E-2,2.839642328,8.7751044E-2,NA,NA
MLI,Mali,1995-1996,1989.121,1996.121,Sisterhood,DHS 1995-1996,Pregnancy-related,sisterhood.input.data.csv,0.317715837,NA,2.5561761999999998E-2,3.4585722950000002,8.0551626000000001E-2,NA,NA
MLI,Mali,2001,1994.203,2001.203,Sisterhood,DHS 2001,Pregnancy-related,sisterhood.input.data.csv,0.27122436700000002,NA,2.2761602999999998E-2,3.3003613079999998,8.4164959999999997E-2,NA,NA
MLI,Mali,2006,1999.662,2006.662,Sisterhood,DHS 2006,Pregnancy-related,sisterhood.input.data.csv,0.25093071500000003,NA,2.1245561999999999E-2,3.2225917709999998,8.4808461000000002E-2,NA,NA
MLI,Mali,2012-2013,2005.982,2012.982,Sisterhood,DHS 2012-2013,Pregnancy-related,sisterhood.input.data.csv,0.30012445999999998,NA,3.7095388E-2,3.4016121629999998,0.124276257,NA,NA
MLI,Mali,2018,2011.583333,2018.583333,Sisterhood,DHS 2018,Pregnancy-related,sisterhood.input.data.csv,0.223566866,NA,2.2559856E-2,3.1071254549999998,0.10099826000000001,NA,NA
MRT,Mauritania,2000-2001,1993.624,2000.624,Sisterhood,DHS 2000-2001,Pregnancy-related,sisterhood.input.data.csv,0.37325096600000002,NA,NA,NA,NA,NA,NA
MRT,Mauritania,2011,2004.424731,2011.424731,Sisterhood,MICS 2011,Pregnancy-related,sisterhood.input.data.csv,0.48898686499999999,NA,3.6973961999999999E-2,3.8897505360000002,7.5710863000000003E-2,NA,NA
MAR,Morocco,1992,1985,1992,Sisterhood,DHS 1992,Pregnancy-related,sisterhood.input.data.csv,0.30133489600000002,NA,4.5963071000000001E-2,3.4056371649999999,0.153266824,NA,NA
MAR,Morocco,2003-2004,1993.975,2003.975,Sisterhood,DHS 2003-2004,Pregnancy-related,sisterhood.input.data.csv,0.176373637,NA,NA,NA,NA,NA,NA
MOZ,Mozambique,2003,1997.288,2004.288,Sisterhood,DHS 2003,Pregnancy-related,sisterhood.input.data.csv,0.14282893699999999,NA,1.583644E-2,2.659062579,0.111059966,NA,NA
MOZ,Mozambique,2011,2004.663,2011.663,Sisterhood,DHS 2011,Pregnancy-related,sisterhood.input.data.csv,0.13843137999999999,NA,1.6559221999999998E-2,2.627789661,0.121018076,NA,NA
MOZ,Mozambique,1997,1990.166667,1997.166667,Sisterhood,DHS 1997,Pregnancy-related,sisterhood.input.data.csv,0.14626536400000001,NA,4.1546950999999999E-2,2.682837438,0.29611958700000002,NA,NA
MMR,Myanmar,2015-2016,2009.514,2016.514,Sisterhood,DHS 2015-2016,Pregnancy-related,sisterhood.input.data.csv,7.4729435999999996E-2,NA,1.5181231999999999E-2,1.988201071,0.21209002199999999,NA,NA
NAM,Namibia,1992,1985.705,1992.705,Sisterhood,DHS 1992,Pregnancy-related,sisterhood.input.data.csv,0.144722774,NA,2.2651682999999999E-2,2.6722349169999999,0.157858473,NA,NA
NAM,Namibia,2000,1993.841,2000.841,Sisterhood,DHS 2000,Pregnancy-related,sisterhood.input.data.csv,8.6898652000000007E-2,NA,1.6797382999999999E-2,2.1621574309999998,0.19662584599999999,NA,NA
NAM,Namibia,2006-2007,1999.995,2006.995,Sisterhood,DHS 2006-2007,Pregnancy-related,sisterhood.input.data.csv,6.2842178999999998E-2,NA,9.0405889999999999E-3,1.8380413870000001,0.14613261899999999,NA,NA
NAM,Namibia,2013,2006.573,2013.573,Sisterhood,DHS 2013,Pregnancy-related,sisterhood.input.data.csv,8.9955766000000006E-2,NA,1.6036160000000001E-2,2.196732962,0.18165942199999999,NA,NA
NPL,Nepal,1996,1989.246,1996.246,Sisterhood,DHS 1996,Pregnancy-related,sisterhood.input.data.csv,0.25705804599999998,NA,3.0199705E-2,3.2467168270000002,0.118074025,NA,NA
NPL,Nepal,2006,1999.363,2006.363,Sisterhood,DHS 2006,Pregnancy-related,sisterhood.input.data.csv,0.16278941199999999,NA,2.8250586000000001E-2,2.7898723200000002,0.17515536700000001,NA,NA
NPL,Nepal,2016,2010.082,2017.082,Sisterhood,DHS 2016,Pregnancy-related,sisterhood.input.data.csv,0.115802039,NA,2.2528848000000001E-2,2.4492970839999999,0.19810334399999999,NA,NA
NER,Niger,1992,1985.332,1992.332,Sisterhood,DHS 1992,Pregnancy-related,sisterhood.input.data.csv,0.31955658799999997,NA,3.0792263E-2,3.46434928,9.6356721000000006E-2,NA,NA
NER,Niger,2006,1999.203,2006.203,Sisterhood,DHS 2006,Pregnancy-related,sisterhood.input.data.csv,0.40441011900000001,NA,2.8732482E-2,3.6998444149999998,7.1190197999999996E-2,NA,NA
NER,Niger,2012,2005.294,2012.294,Sisterhood,DHS 2012,Pregnancy-related,sisterhood.input.data.csv,0.37514911299999998,NA,2.8593103000000002E-2,3.6247384880000002,7.6521374000000003E-2,NA,NA
NGA,Nigeria,2008,2001.621,2008.621,Sisterhood,DHS 2008,Pregnancy-related,sisterhood.input.data.csv,0.21964736000000001,NA,1.2261810999999999E-2,3.0894382569999999,5.5898971999999998E-2,NA,NA
NGA,Nigeria,2013,2006.288,2013.288,Sisterhood,DHS 2013,Pregnancy-related,sisterhood.input.data.csv,0.29989813599999998,NA,1.6419138999999999E-2,3.4008577780000002,5.4833941999999997E-2,NA,NA
NGA,Nigeria,2018,2011.583333,2018.583333,Sisterhood,DHS 2018,Pregnancy-related,sisterhood.input.data.csv,0.318363271,NA,1.7262323E-2,3.460607998,5.4333330999999999E-2,NA,NA
PAK,Pakistan,2006-2007,2003.706,2006.706,Sisterhood,DHS 2006-2007,Pregnancy-related,sisterhood.input.data.csv,0.165566557,NA,NA,NA,NA,NA,NA
PNG,Papua New Guinea,2016-2018,2009.75,2016.75,Sisterhood,DHS 2016-2018,Pregnancy-related,sisterhood.input.data.csv,0.11356791099999999,NA,2.2606002E-2,2.4298158970000001,0.20368430600000001,NA,NA
PRY,Paraguay,1995,1988.99,1995.99,Sisterhood,RHS 1995,Pregnancy-related,sisterhood.input.data.csv,0.19868283,NA,NA,NA,NA,NA,NA
PER,Peru,1996,1989.757,1996.757,Sisterhood,DHS 1996,Pregnancy-related,sisterhood.input.data.csv,0.17598535200000001,NA,1.8472286000000001E-2,2.867815668,0.105240204,NA,NA
PER,Peru,2000,1993.717,2000.717,Sisterhood,DHS 2000,Pregnancy-related,sisterhood.input.data.csv,0.13357982199999999,NA,1.8800348000000001E-2,2.5921141200000002,0.14241772,NA,NA
PER,Peru,2009,2002.448,2009.448,Sisterhood,DHS 2009,Pregnancy-related,sisterhood.input.data.csv,7.5211232000000003E-2,NA,NA,NA,NA,NA,NA
PER,Peru,2010,2003.453,2010.453,Sisterhood,DHS 2010,Pregnancy-related,sisterhood.input.data.csv,2.5068846999999998E-2,NA,NA,NA,NA,NA,NA
PER,Peru,1991-1992,1984.75,1991.75,Sisterhood,DHS 1991-1992,Pregnancy-related,sisterhood.input.data.csv,0.108508249,NA,1.7199156E-2,2.3842411019999998,0.160275049,NA,NA
PER,Peru,2003-2006,1996.916667,2003.916667,Sisterhood,DHS 2003-2006,Pregnancy-related,sisterhood.input.data.csv,0.13985109000000001,NA,1.753242E-2,2.6379931179999998,0.12632307300000001,NA,NA
PER,Peru,2011,2004.166667,2011.166667,Sisterhood,DHS 2011,Pregnancy-related,sisterhood.input.data.csv,0.13682898800000001,NA,2.5844736E-2,2.616146793,0.192812131,NA,NA
PHL,Philippines,1993,1986.37,1993.37,Sisterhood,DHS 1993,Pregnancy-related,sisterhood.input.data.csv,0.12781479400000001,NA,1.9240437999999999E-2,2.547997198,0.15222107300000001,NA,NA
PHL,Philippines,2006,2000.397,2007.397,Sisterhood,FPS 2006,Pregnancy-related,sisterhood.input.data.csv,9.6185171999999999E-2,NA,NA,NA,NA,NA,NA
RWA,Rwanda,2000,1995.492,2000.492,Sisterhood,DHS 2000,Pregnancy-related,sisterhood.input.data.csv,0.18279511800000001,NA,1.5273947E-2,2.9057808600000001,8.3751948000000007E-2,NA,NA
RWA,Rwanda,2005,1998.345,2005.345,Sisterhood,DHS 2005,Pregnancy-related,sisterhood.input.data.csv,0.180135036,NA,1.4413835999999999E-2,2.8911216780000002,8.0237726999999995E-2,NA,NA
RWA,Rwanda,2010,2003.962,2010.962,Sisterhood,DHS 2010,Pregnancy-related,sisterhood.input.data.csv,0.22950166899999999,NA,2.0183603000000001E-2,3.1333252100000002,8.8130284000000003E-2,NA,NA
RWA,Rwanda,2014-2015,2010.266,2015.266,Sisterhood,DHS 2014-2015,Pregnancy-related,sisterhood.input.data.csv,0.13265993300000001,NA,2.2107435000000002E-2,2.5838024110000002,0.168656641,NA,NA
STP,Sao Tome and Principe,2008-2009,2001.935,2008.935,Sisterhood,DHS 2008-2009,Pregnancy-related,sisterhood.input.data.csv,6.9052267000000001E-2,NA,2.6864048000000001E-2,1.9322786139999999,0.41340766400000001,NA,NA
STP,Sao Tome and Principe,2014,2007.462,2014.462,Sisterhood,MICS 2014,Pregnancy-related,sisterhood.input.data.csv,8.0833470000000004E-2,NA,6.0217002999999998E-2,2.0898060200000002,1.2021334560000001,NA,NA
SEN,Senegal,1992-1993,1986.051,1993.051,Sisterhood,DHS 1992-1993,Pregnancy-related,sisterhood.input.data.csv,0.31050642000000001,NA,3.5795806999999999E-2,3.4356194840000001,0.11550073399999999,NA,NA
SEN,Senegal,2005,1998.262,2005.262,Sisterhood,DHS 2005,Pregnancy-related,sisterhood.input.data.csv,0.22103510400000001,NA,2.4143357000000001E-2,3.0957364360000001,0.109419326,NA,NA
SEN,Senegal,2017,2011,2018,Sisterhood,DHS 2017,Pregnancy-related,sisterhood.input.data.csv,0.27733763,NA,2.9540922000000001E-2,3.3226505529999999,0.10710549799999999,NA,NA
SEN,Senegal,2010-2011,2003.75,2010.75,Sisterhood,DHS 2010-2011,Pregnancy-related,sisterhood.input.data.csv,0.24636053999999999,NA,2.9582239E-2,3.20421098,0.12087304,NA,NA
SLE,Sierra Leone,2008,2001.397,2008.397,Sisterhood,DHS 2008,Pregnancy-related,sisterhood.input.data.csv,0.25719993099999999,NA,3.3223751000000003E-2,3.2472686309999998,0.12967092899999999,NA,NA
SLE,Sierra Leone,2013,2006.621,2013.621,Sisterhood,DHS 2013,Pregnancy-related,sisterhood.input.data.csv,0.35254130299999997,NA,2.5653293000000001E-2,3.562582693,7.2948247999999993E-2,NA,NA
ZAF,South Africa,1998,1991.386,1998.386,Sisterhood,DHS 1998,Pregnancy-related,sisterhood.input.data.csv,5.1817500000000002E-2,NA,1.2521719000000001E-2,1.6451428320000001,0.24941690499999999,NA,NA
ZAF,South Africa,2016,2009.416667,2016.416667,Sisterhood,DHS 2016,Pregnancy-related,sisterhood.input.data.csv,7.6254647999999994E-2,NA,1.7911796000000001E-2,2.0314932830000001,0.24357531099999999,NA,NA
SDN,Sudan,1989-1990,1976.129,1990.129,Sisterhood,DHS 1989-1990,Pregnancy-related,sisterhood.input.data.csv,0.33094325800000002,NA,NA,NA,NA,NA,NA
SWZ,Eswatini,2006-2007,1999.83,2006.83,Sisterhood,DHS 2006-2007,Pregnancy-related,sisterhood.input.data.csv,5.4234197999999997E-2,NA,8.8474950000000004E-3,1.6907265789999999,0.16528156499999999,NA,NA
TZA,Tanzania,1996,1989.718,1996.718,Sisterhood,DHS 1996,Pregnancy-related,sisterhood.input.data.csv,0.26029851399999998,NA,2.7444930999999999E-2,3.2592440109999998,0.106247831,NA,NA
TZA,Tanzania,2004-2005,1997.945,2004.945,Sisterhood,DHS 2004-2005,Pregnancy-related,sisterhood.input.data.csv,0.16738820200000001,NA,1.5814083999999999E-2,2.8177305860000001,9.4870890999999999E-2,NA,NA
TZA,Tanzania,2010,2003.179,2010.179,Sisterhood,DHS 2010,Pregnancy-related,sisterhood.input.data.csv,0.17049150199999999,NA,1.9988523000000001E-2,2.8361003610000002,0.118061573,NA,NA
TZA,Tanzania,2015-2016,2006.121,2016.121,Sisterhood,DHS 2015-2016,Pregnancy-related,sisterhood.input.data.csv,0.20194758600000001,NA,1.6739560000000001E-2,3.0049590309999998,8.3238804E-2,NA,NA
TLS,Timor-Leste,2009-2010,2002.854,2009.854,Sisterhood,DHS 2009-2010,Pregnancy-related,sisterhood.input.data.csv,0.40586714000000002,NA,3.7415306000000002E-2,3.703440772,9.2463740000000003E-2,NA,NA
TLS,Timor-Leste,2016,2009.975,2016.975,Sisterhood,DHS 2016,Pregnancy-related,sisterhood.input.data.csv,0.124570452,NA,2.7032712E-2,2.5222863449999999,0.22047853100000001,NA,NA
TGO,Togo,1998,1991.242,1998.242,Sisterhood,DHS 1998,Pregnancy-related,sisterhood.input.data.csv,0.19586166299999999,NA,2.4949272000000002E-2,2.9748235140000001,0.128006284,NA,NA
TGO,Togo,2013-2014,2007.286,2014.286,Sisterhood,DHS 2013-2014,Pregnancy-related,sisterhood.input.data.csv,0.131914958,NA,1.7116803E-2,2.572208609,0.13148305199999999,NA,NA
UGA,Uganda,1995,1988.424,1995.424,Sisterhood,DHS 1995,Pregnancy-related,sisterhood.input.data.csv,0.14318758700000001,NA,1.5556077E-2,2.6615704739999999,0.109806916,NA,NA
UGA,Uganda,2000-2001,1993.955,2000.955,Sisterhood,DHS 2000-2001,Pregnancy-related,sisterhood.input.data.csv,0.14029499300000001,NA,1.3434850999999999E-2,2.6411622050000001,9.6225304999999997E-2,NA,NA
UGA,Uganda,2006,1999.551,2006.551,Sisterhood,DHS 2006,Pregnancy-related,sisterhood.input.data.csv,0.11463675299999999,NA,1.4365332E-2,2.439183366,0.12637884499999999,NA,NA
UGA,Uganda,2011,2004.705,2011.705,Sisterhood,DHS 2011,Pregnancy-related,sisterhood.input.data.csv,0.17497027000000001,NA,2.0358844000000001E-2,2.8620309810000002,0.117148629,NA,NA
UGA,Uganda,2016,2009.959,2016.959,Sisterhood,DHS 2016,Pregnancy-related,sisterhood.input.data.csv,0.184507752,NA,1.5152944E-2,2.9151063879999999,8.2306354999999998E-2,NA,NA
YEM,Yemen,1997,1987.9,1997.9,Sisterhood,DHS 1997,Pregnancy-related,sisterhood.input.data.csv,0.38240414099999998,NA,NA,NA,NA,NA,NA
ZMB,Zambia,1996,1989.775,1996.775,Sisterhood,DHS 1996,Pregnancy-related,sisterhood.input.data.csv,0.12569075900000001,NA,1.2345389E-2,2.5312395059999999,9.8566210000000001E-2,NA,NA
ZMB,Zambia,2001-2002,1995.121,2002.121,Sisterhood,DHS 2001-2002,Pregnancy-related,sisterhood.input.data.csv,0.100471306,NA,9.5321139999999995E-3,2.3072870829999998,9.5271048999999997E-2,NA,NA
ZMB,Zambia,2007,2000.537,2007.537,Sisterhood,DHS 2007,Pregnancy-related,sisterhood.input.data.csv,8.9001510000000006E-2,NA,1.0264647999999999E-2,2.1860682429999998,0.115851468,NA,NA
ZMB,Zambia,2013-2014,2006.953,2013.953,Sisterhood,DHS 2013-2014,Pregnancy-related,sisterhood.input.data.csv,9.0942744000000006E-2,NA,8.5006820000000007E-3,2.2076450300000001,9.3813729999999998E-2,NA,NA
ZMB,Zambia,2018-2019,2011.5,2018.5,Sisterhood,DHS 2018-2019,Pregnancy-related,sisterhood.input.data.csv,0.104327445,NA,1.6142197E-2,2.3449493690000001,0.15751369100000001,NA,NA
ZWE,Zimbabwe,1994,1987.729,1994.729,Sisterhood,DHS 1994,Pregnancy-related,sisterhood.input.data.csv,0.14259624000000001,NA,2.0993260999999999E-2,2.6574320440000001,0.148419839,NA,NA
ZWE,Zimbabwe,1999,1992.768,1999.768,Sisterhood,DHS 1999,Pregnancy-related,sisterhood.input.data.csv,0.109173249,NA,1.3782404999999999E-2,2.3903509629999999,0.12705549999999999,NA,NA
ZWE,Zimbabwe,2005-2006,1998.872,2005.872,Sisterhood,DHS 2005-2006,Pregnancy-related,sisterhood.input.data.csv,6.5115505000000004E-2,NA,8.1410600000000003E-3,1.8735776,0.12667115700000001,NA,NA
ZWE,Zimbabwe,2010-2011,2003.986,2010.986,Sisterhood,DHS 2010-2011,Pregnancy-related,sisterhood.input.data.csv,0.11114357599999999,NA,1.0386335E-2,2.4082377500000001,9.3827953000000006E-2,NA,NA
ZWE,Zimbabwe,2014,2007.205,2014.205,Sisterhood,MICS 2014,Pregnancy-related,sisterhood.input.data.csv,8.7053990999999997E-2,NA,7.2397449999999997E-3,2.163943417,8.3437775000000006E-2,NA,NA
ZWE,Zimbabwe,2015,2008.97,2015.97,Sisterhood,DHS 2015,Pregnancy-related,sisterhood.input.data.csv,0.119522225,NA,1.4239213000000001E-2,2.4817309889999999,0.120239894,NA,NA
ZWE,Zimbabwe,2019,2012.013441,2019.013441,Sisterhood,MICS 2019,Pregnancy-related,sisterhood.input.data.csv,8.7805696000000003E-2,NA,1.2170781E-2,2.1725412820000001,0.14014356,NA,NA
GMB,Gambia,2019-2020,2012.833333,2019.833333,Sisterhood,DHS 2019-2020,Pregnancy-related,sisterhood.input.data.csv,0.17679650499999999,NA,2.3004627999999999E-2,2.8724142869999998,0.130343458,NA,NA
LBR,Liberia,2019-2020,2012.75,2019.75,Sisterhood,DHS 2019-2020,Pregnancy-related,sisterhood.input.data.csv,0.27063996499999998,NA,3.4845705999999997E-2,3.2982043019999998,0.13063553899999999,NA,NA
MRT,Mauritania,2019-2020,2012.833333,2019.833333,Sisterhood,DHS 2019-2020,Pregnancy-related,sisterhood.input.data.csv,0.31785359200000002,NA,3.3886856999999999E-2,3.4590057810000001,0.107209296,NA,NA
RWA,Rwanda,2019-2020,2012.833333,2019.833333,Sisterhood,DHS 2019-2020,Pregnancy-related,sisterhood.input.data.csv,0.177541898,NA,2.2757975999999999E-2,2.8766215320000001,0.129012605,NA,NA
SLE,Sierra Leone,2019,2012.333333,2019.333333,Sisterhood,DHS 2019,Pregnancy-related,sisterhood.input.data.csv,0.23962159399999999,NA,2.2136098E-2,3.1764758940000002,9.2408272E-2,NA,NA
PAK,Pakistan,2019,2019.0833,2019.75,Household census,DHS Special 2019,Pregnancy-related,report,0.182,NA,NA,NA,NA,NA,NA
PAK,Pakistan,2019,2019.0833,2019.75,Household census,DHS Special 2019,Maternal-DHS,report,0.13500000000000001,NA,NA,NA,NA,NA,NA
MOZ,Mozambique,2019,2019,2019.99,Verbal autopsy,COMSA,Pregnancy-related,report,5.5226824457593686E-2,1014,NA,NA,NA,Notes: they said  verbal autopsies were performed from Jan 2019 to Dec 2020,NA
MOZ,Mozambique,2020,2020,2020.99,Verbal autopsy,COMSA,Pregnancy-related,report,7.7400607581561226E-2,757.1,NA,NA,NA,NA,NA
SAU,Saudi Arabia,2018,2017.834,2018.834,Household census,Household Health Survey 2018,Maternal,report,1.2639869999999999E-2,4826,0.05,NA,NA,NA,NA
BFA,Burkina Faso,2021,2014.5,2021.5,Sisterhood,DHS 2021,Pregnancy-related,sisterhood.input.data.csv,0.185441732,NA,2.3985280916301699E-2,2.9201556284735002,0.130208061,NA,NA
CIV,Cote d'Ivoire,2021,2014.666667,2021.666667,Sisterhood,DHS 2018-2019,Pregnancy-related,sisterhood.input.data.csv,0.17675177835995701,NA,2.3841498466797399E-2,2.8721612731744899,0.13577437892074901,NA,NA
GAB,Gabon,2020-2021,2013,2020,Sisterhood,DHS 2018-2019,Pregnancy-related,sisterhood.input.data.csv,0.15440710944238301,NA,3.06209828812446E-2,2.737007589,0.201329175,NA,NA
KHM,Cambodia,2021-2022,2014.666667,2021.666667,Sisterhood,DHS 2018-2019,Pregnancy-related,sisterhood.input.data.csv,9.9496473272921701E-2,NA,2.4664034841899898E-2,2.2975371060490799,0.26004360633767298,NA,NA
TZA,Tanzania,2022,2015.166667,2022.166667,Sisterhood,DHS 2018-2019,Pregnancy-related,sisterhood.input.data.csv,5.6428674903293598E-2,NA,1.21556501303553E-2,1.730392357,0.22071925804273801,NA,NA
MOZ,Mozambique,2022-2023,2015.5,2022.5,Sisterhood,DHS 2022-2023,Pregnancy-related,sisterhood.input.data.csv,0.112826683,404.497191,8.55954371242855e-05,2.423267767,0.000758634,NA,NA
SEN,Senegal,2023,2016.083333,2023.083333,Sisterhood,DHS 2023,Pregnancy-related,sisterhood.input.data.csv,0.149397396,262.435423,0.004086632,2.704024753,0.027372872,NA,NA